Designator,Value,Package,Mid X,Mid Y,Rotation,Layer
C_6002,100nF,C_0402_1005Metric,114.485000,-68.000000,0.000000,top
C_HSE_I1,20pF,C_0603_1608Metric,93.212500,-84.000000,180.000000,top
C_HSE_O1,20pF,C_0603_1608Metric,93.212500,-90.000000,180.000000,top
C_IN_0,10uF,CP_EIA-3216-18_Kemet-A,92.000000,-99.000000,0.000000,top
C_IN_1,100nF,C_0402_1005Metric,99.500000,-81.500000,180.000000,top
C_IN_2,100nF,C_0402_1005Metric,103.000000,-96.000000,270.000000,top
C_IN_3,100nF,C_0402_1005Metric,113.250000,-95.500000,0.000000,top
C_IN_4,100nF,C_0402_1005Metric,115.765000,-80.250000,90.000000,top
C_IN_5,100nF,C_0402_1005Metric,103.250000,-78.750000,90.000000,top
C_IN_6,100nF,C_0402_1005Metric,101.500000,-95.265000,270.000000,top
C_IN_7,1uF,C_1206_3216Metric,101.000000,-98.600000,270.000000,top
C_L298_5V1,100nF,C_0402_1005Metric,74.000000,-71.485000,270.000000,top
C_L298_5V2,100nF,C_0402_1005Metric,55.000000,-74.085000,270.000000,top
C_L298_12V1,100nF,C_0402_1005Metric,56.185000,-54.000000,180.000000,top
C_L298_12V2,100nF,C_0402_1005Metric,37.585000,-42.000000,180.000000,top
C_MCP1,0.33uF,C_0805_2012Metric,75.000000,-79.000000,90.000000,top
C_MCP2,0.33uF,C_0805_2012Metric,75.000000,-85.000000,90.000000,top
C_RES1,100nF,C_0402_1005Metric,100.750000,-74.485000,90.000000,top
C_VCAP1,2.2uF,C_1206_3216Metric,112.350000,-97.750000,0.000000,top
C_VCAP2,2.2uF,C_1206_3216Metric,119.150000,-84.000000,0.000000,top
C_VIN1,0.33uF,C_0805_2012Metric,57.700000,-93.637500,270.000000,top
C_VIN33_1,0.33uF,C_0805_2012Metric,68.187500,-104.250000,180.000000,top
C_VIN33_2,100uF,CP_EIA-3528-15_AVX-H,75.250000,-95.712500,270.000000,top
C_VOUT1,0.33uF,C_0805_2012Metric,67.687500,-89.750000,0.000000,top
D1,SM4007,D_SOD-123F,59.900000,-42.100000,0.000000,top
D2,SM4007,D_SOD-123F,60.000000,-48.500000,0.000000,top
D2_1,SM4007,D_SOD-123F,39.700000,-36.700000,0.000000,top
D2_2,SM4007,D_SOD-123F,39.800000,-42.700000,90.000000,top
D2_3,SM4007,D_SOD-123F,59.900000,-36.200000,180.000000,top
D2_4,SM4007,D_SOD-123F,52.600000,-53.000000,180.000000,top
D2_5,SM4007,D_SOD-123F,39.800000,-39.200000,0.000000,top
D2_6,SM4007,D_SOD-123F,33.300000,-45.800000,270.000000,top
D2_7,SM4007,D_SOD-123F,59.900000,-33.700000,0.000000,top
D2_8,SM4007,D_SOD-123F,52.625000,-50.470000,0.000000,top
D3,SM4007,D_SOD-123F,75.600000,-51.000000,180.000000,top
D4,SM4007,D_SOD-123F,75.600000,-60.000000,180.000000,top
D5,SM4007,D_SOD-123F,59.900000,-45.400000,0.000000,top
D6,SM4007,D_SOD-123F,60.100000,-51.300000,180.000000,top
D7,SM4007,D_SOD-123F,75.600000,-54.000000,0.000000,top
D8,SM4007,D_SOD-123F,75.600000,-63.000000,0.000000,top
D_BLUE1,LED BL,LED_0603_1608Metric,106.000000,-103.788000,270.000000,top
D_GREEN1,LED GR,LED_0603_1608Metric,108.000000,-103.788000,270.000000,top
D_RED1,LED RED,LED_0603_1608Metric,110.000000,-103.788000,270.000000,top
FB_VDDA1,Ferrite_Bead_Small,R_0805_2012Metric,97.062500,-99.000000,180.000000,top
L298P_DRIVER1,L298P,HSOP-20-1EP_11.0x15.9mm_P1.27mm_SlugDown,63.300000,-63.900000,0.000000,top
L298P_DRIVER2,L298P,HSOP-20-1EP_11.0x15.9mm_P1.27mm_SlugDown,46.800000,-63.900000,0.000000,top
R_6002_1,10K,R_0603_1608Metric,115.750000,-70.212500,90.000000,top
R_6002_2,10K,R_0603_1608Metric,114.000000,-70.212500,90.000000,top
R_6002_3,10K,R_0603_1608Metric,110.788000,-74.000000,0.000000,top
R_6002_4,10K,R_0603_1608Metric,103.788000,-71.000000,0.000000,top
R_6002_5,10K,R_0603_1608Metric,103.788000,-69.000000,0.000000,top
R_6002_6,10K,R_0603_1608Metric,104.750000,-66.250000,0.000000,top
R_AC_POTI1,1k,R_0603_1608Metric,81.000000,-45.787500,90.000000,top
R_AC_POTI2,1k,R_0603_1608Metric,56.600000,-50.587500,90.000000,top
R_BOOT_0,10K,R_0603_1608Metric,106.000000,-76.787500,270.000000,top
R_BOOT_1,10K,R_0603_1608Metric,107.212000,-97.000000,180.000000,top
R_CAN1,120,R_0603_1608Metric,83.000000,-51.000000,90.000000,top
R_CAN2,120,R_0603_1608Metric,97.000000,-50.787500,90.000000,top
R_CAN3,120,R_0603_1608Metric,111.000000,-51.000000,90.000000,top
R_DIV11,10K,R_0603_1608Metric,122.712000,-91.500000,0.000000,top
R_DIV12,100K,R_0603_1608Metric,122.688000,-89.600000,0.000000,top
R_DIV21,10K,R_0603_1608Metric,119.400000,-91.500000,0.000000,top
R_DIV22,100K,R_0603_1608Metric,119.412000,-89.600000,0.000000,top
R_D_BL1,510,R_0603_1608Metric,106.000000,-100.788000,270.000000,top
R_D_GR1,510,R_0603_1608Metric,108.000000,-100.788000,270.000000,top
R_D_RED1,510,R_0603_1608Metric,110.000000,-100.788000,270.000000,top
R_RES1,10K,R_0603_1608Metric,98.000000,-74.787500,90.000000,top
R_RS_MCP1,1k,R_0603_1608Metric,85.000000,-77.212500,270.000000,top
R_RS_MCP2,1k,R_0603_1608Metric,85.000000,-83.212500,270.000000,top
SW_BOOT1,SW_Push,SW_Push_1P1T_NO_CK_KSC6xxJ,81.000000,-70.000000,0.000000,top
SW_RES1,SW_Push,SW_Push_1P1T_NO_CK_KSC6xxJ,92.000000,-70.000000,0.000000,top
U1,STM32F405RGTx,LQFP-64_10x10mm_P0.5mm,108.000000,-87.000000,-90.000000,top
U6002,MCP6002-xMS,SOIC-8_3.9x4.9mm_P1.27mm,109.000000,-70.000000,-90.000000,top
U_NCV7805,NCV7805BD2TR4G,TO-263-3_TabPin2,60.200000,-83.600000,90.000000,top
U_TJA1040_1,TJA1040T,SOIC-8_3.9x4.9mm_P1.27mm,80.000000,-78.000000,-90.000000,top
U_TJA1040_2,TJA1040T,SOIC-8_3.9x4.9mm_P1.27mm,80.000000,-84.000000,-90.000000,top
U_UA78M33Q1,UA78M33QDCYRG4Q1,SOT-223-3_TabPin2,68.650000,-99.500000,0.000000,top
Y_8MHZ1,8Mhz,Crystal_SMD_5032-2Pin_5.0x3.2mm,97.000000,-86.850000,270.000000,top
